City_ID,City,Cloudiness,Country,Date,Humidity,Lat,Lng,Max Temp,Wind Speed
0,Lumeje,6,AO,2022-06-11 14:29:27,24,-11.55,20.7833,79.38,6.35
1,Preobrazheniye,9,RU,2022-06-11 14:29:27,93,42.9019,133.9064,51.48,1.61
2,Mathbaria,92,BD,2022-06-11 14:29:28,85,22.2876,89.9593,83.91,11.12
3,Carnarvon,2,AU,2022-06-11 14:29:28,69,-24.8667,113.6333,70.9,9.64
4,Kupang,100,ID,2022-06-11 14:29:28,72,-10.1667,123.5833,78.01,14.52
5,Atbasar,87,KZ,2022-06-11 14:29:29,45,51.8,68.3333,70.36,10.18
6,San Patricio,5,US,2022-06-11 14:27:14,64,28.017,-97.5169,87.84,13.06
7,Pisco,100,PE,2022-06-11 14:29:29,100,-13.7,-76.2167,60.03,2.3
8,Ribeira Grande,75,PT,2022-06-11 14:29:29,82,38.5167,-28.7,66.6,6.91
9,Kamenka,85,RU,2022-06-11 14:29:30,67,51.3223,42.7678,72.3,7.81
10,Busselton,13,AU,2022-06-11 14:29:30,79,-33.65,115.3333,61.68,8.75
11,Albany,100,US,2022-06-11 14:26:16,65,42.6001,-73.9662,69.42,0.29
12,Quebradillas,86,PR,2022-06-11 14:29:31,79,18.4738,-66.9385,88.23,10.0
13,Vaini,75,TO,2022-06-11 14:26:13,88,-21.2,-175.2,75.36,5.75
14,Punta Arenas,100,CL,2022-06-11 14:26:43,93,-53.15,-70.9167,44.71,5.75
15,Cockburn Town,40,TC,2022-06-11 14:29:31,70,21.4612,-71.1419,84.16,16.11
16,Thompson,20,CA,2022-06-11 14:29:32,54,55.7435,-97.8558,57.36,5.75
17,Yellowknife,75,CA,2022-06-11 14:29:32,77,62.456,-114.3525,59.52,14.97
18,Imbituba,26,BR,2022-06-11 14:29:32,59,-28.24,-48.6703,57.09,8.99
19,Ushuaia,0,AR,2022-06-11 14:29:33,93,-54.8,-68.3,38.86,4.61
20,Mataura,59,NZ,2022-06-11 14:29:33,95,-46.1927,168.8643,33.48,5.08
21,Beyneu,1,KZ,2022-06-11 14:29:33,21,45.3167,55.2,85.46,5.7
22,Bredasdorp,100,ZA,2022-06-11 14:25:29,25,-34.5322,20.0403,76.96,3.58
23,Ca Mau,23,VN,2022-06-11 14:29:34,86,9.1769,105.15,80.19,4.5
24,Udachnyy,100,RU,2022-06-11 14:29:35,64,66.4167,112.4,52.83,12.26
25,Mitsamiouli,42,KM,2022-06-11 14:29:35,72,-11.3847,43.2844,79.7,15.17
26,Bluff,87,NZ,2022-06-11 14:29:35,82,-46.6,168.3333,33.8,11.61
27,Saint-Philippe,81,RE,2022-06-11 14:29:36,76,-21.3585,55.7679,71.19,12.19
28,Mar Del Plata,0,AR,2022-06-11 14:29:36,73,-38.0023,-57.5575,52.09,11.5
29,Havre-Saint-Pierre,20,CA,2022-06-11 14:29:37,88,50.2334,-63.5986,55.76,16.11
30,Homer,20,US,2022-06-11 14:26:35,86,59.6425,-151.5483,51.8,1.99
31,Wahpeton,0,US,2022-06-11 14:29:37,73,46.2652,-96.6059,72.32,12.66
32,Atuona,57,PF,2022-06-11 14:26:48,68,-9.8,-139.0333,77.22,12.59
33,Nikolskoye,33,RU,2022-06-11 14:29:38,43,59.7035,30.7861,75.09,5.75
34,Kungurtug,18,RU,2022-06-11 14:29:38,40,50.5994,97.5228,57.02,3.02
35,Voyvozh,100,RU,2022-06-11 14:29:39,63,62.892,54.9635,49.39,15.59
36,Pandan Niog,16,PH,2022-06-11 14:29:39,71,6.2282,120.5631,83.01,4.81
37,Manoel Urbano,100,BR,2022-06-11 14:29:39,80,-8.8389,-69.2597,68.77,5.5
38,Tautira,47,PF,2022-06-11 14:29:40,78,-17.7333,-149.15,78.19,18.63
39,Cape Town,0,ZA,2022-06-11 14:26:00,40,-33.9258,18.4232,77.11,11.5
40,Imeni Poliny Osipenko,83,RU,2022-06-11 14:29:40,72,52.4201,136.4853,53.38,4.74
41,Vangaindrano,13,MG,2022-06-11 14:29:41,87,-23.35,47.6,68.77,5.68
42,Hobart,100,AU,2022-06-11 14:29:41,85,-42.8794,147.3294,42.26,19.57
43,Ayan,99,RU,2022-06-11 14:29:41,97,56.45,138.1667,42.15,8.88
44,Iqaluit,75,CA,2022-06-11 14:29:42,65,63.7506,-68.5145,46.13,16.11
45,Clyde River,100,CA,2022-06-11 14:29:05,93,70.4692,-68.5914,34.03,12.66
46,Hermanus,100,ZA,2022-06-11 14:29:42,42,-34.4187,19.2345,80.8,8.77
47,Port Alfred,72,ZA,2022-06-11 14:26:28,27,-33.5906,26.891,82.18,1.01
48,Dahod,88,IN,2022-06-11 14:25:42,77,22.8333,74.2667,81.21,13.82
49,Kapoeta,89,SS,2022-06-11 14:30:43,31,4.7717,33.5903,91.27,12.24
50,Tacuati,100,PY,2022-06-11 14:30:43,39,-23.45,-56.5833,57.61,5.79
51,Bethel,40,US,2022-06-11 14:25:56,57,41.3712,-73.414,75.42,4.61
52,Guarapari,81,BR,2022-06-11 14:30:44,70,-20.6667,-40.4975,74.89,12.12
53,Yulara,6,AU,2022-06-11 14:30:44,52,-25.2406,130.9889,46.87,6.6
54,Buraydah,0,SA,2022-06-11 14:30:44,7,26.326,43.975,109.85,7.09
55,Rikitea,40,PF,2022-06-11 14:29:18,81,-23.1203,-134.9692,73.85,15.43
56,Rokytne,99,UA,2022-06-11 14:30:45,80,51.2796,27.214,70.88,4.99
57,Deputatskiy,42,RU,2022-06-11 14:30:46,78,69.3,139.9,46.51,3.58
58,Kumluca,1,TR,2022-06-11 14:30:46,67,36.3703,30.2869,77.52,6.15
59,Kruisfontein,28,ZA,2022-06-11 14:30:46,22,-34.0033,24.7314,78.89,9.98
60,Hithadhoo,15,MV,2022-06-11 14:30:47,72,-0.6,73.0833,83.52,8.84
61,Arraial Do Cabo,100,BR,2022-06-11 14:30:47,88,-22.9661,-42.0278,67.96,9.22
62,Avarua,75,CK,2022-06-11 14:30:48,73,-21.2078,-159.775,75.25,8.05
63,Puerto Ayora,64,EC,2022-06-11 14:28:19,94,-0.7393,-90.3518,73.36,3.0
64,Severo-Kurilsk,91,RU,2022-06-11 14:30:48,85,50.6789,156.125,43.52,10.04
65,Khanino,52,RU,2022-06-11 14:30:48,70,54.211,36.6229,77.11,3.87
66,Taltal,9,CL,2022-06-11 14:30:49,68,-25.4,-70.4833,61.88,5.28
67,Barrow,100,US,2022-06-11 14:30:49,86,71.2906,-156.7887,32.02,11.5
68,Winnemucca,0,US,2022-06-11 14:30:50,39,40.973,-117.7357,64.45,4.61
69,Kudat,20,MY,2022-06-11 14:30:50,78,6.8837,116.8477,82.33,5.01
70,Vestmannaeyjar,40,IS,2022-06-11 14:30:50,82,63.4427,-20.2734,52.79,11.5
71,Hami,0,CN,2022-06-11 14:30:50,8,42.8,93.45,80.15,4.29
72,Ahipara,76,NZ,2022-06-11 14:30:51,88,-35.1667,173.1667,57.42,14.03
73,Kutum,100,SD,2022-06-11 14:30:51,14,14.2,24.6667,95.4,11.81
74,Matara,100,LK,2022-06-11 14:30:52,88,5.9485,80.5353,79.45,9.66
75,Rochegda,20,RU,2022-06-11 14:30:52,44,62.8,43.25,59.79,8.39
76,Lavrentiya,66,RU,2022-06-11 14:29:47,68,65.5833,-171.0,34.27,16.82
77,Beloha,0,MG,2022-06-11 14:30:52,80,-25.1667,45.05,68.72,13.38
78,Saint-Pierre,75,RE,2022-06-11 14:30:53,64,-21.3393,55.4781,71.28,10.36
79,Tasiilaq,1,GL,2022-06-11 14:30:53,69,65.6145,-37.6368,42.96,0.96
80,Hilo,0,US,2022-06-11 14:30:54,88,19.7297,-155.09,73.27,8.05
81,Xanxere,100,BR,2022-06-11 14:30:54,51,-26.8769,-52.4042,46.51,4.43
82,Zhuhai,40,CN,2022-06-11 14:30:55,94,22.2769,113.5678,82.18,4.61
83,Tanggulangin,40,ID,2022-06-11 14:30:55,79,-7.4996,112.6999,84.16,9.22
84,Aripuana,100,BR,2022-06-11 14:30:55,69,-9.1667,-60.6333,74.91,5.32
85,Qaanaaq,100,GL,2022-06-11 14:30:56,78,77.484,-69.3632,29.32,5.75
86,Yerbogachen,3,RU,2022-06-11 14:30:56,63,61.2767,108.0108,47.05,2.68
87,Ancud,100,CL,2022-06-11 14:27:56,77,-41.8697,-73.8203,43.52,5.01
88,Tuktoyaktuk,100,CA,2022-06-11 14:30:57,93,69.4541,-133.0374,35.6,12.66
89,Katete,75,UG,2022-06-11 14:30:57,67,-0.7818,29.7544,70.99,3.83
90,Nuuk,75,GL,2022-06-11 14:30:58,87,64.1835,-51.7216,45.21,13.8
91,Shenjiamen,100,CN,2022-06-11 14:30:58,85,29.9576,122.298,69.19,7.05
92,Krasnoselkup,100,RU,2022-06-11 14:30:58,57,65.7,82.4667,64.94,18.59
93,Pecos,0,US,2022-06-11 14:30:59,39,31.4229,-103.4932,90.3,3.44
94,Hammerfest,40,NO,2022-06-11 14:30:59,62,70.6634,23.6821,54.05,14.97
95,Kodiak,100,US,2022-06-11 14:31:59,82,57.79,-152.4072,53.11,11.5
96,Vanavara,26,RU,2022-06-11 14:32:00,61,60.34,102.2797,51.66,5.55
97,Sheltozero,0,RU,2022-06-11 14:32:00,51,61.3667,35.3667,59.79,3.51
98,Iracoubo,82,GF,2022-06-11 14:32:01,73,5.4802,-53.2011,82.0,7.74
99,Yarada,75,IN,2022-06-11 14:32:01,74,17.65,83.2667,86.32,6.91
100,Constitucion,10,CL,2022-06-11 14:31:02,39,-35.3333,-72.4167,58.08,2.75
101,Kapuskasing,100,CA,2022-06-11 14:27:59,93,49.4169,-82.4331,46.49,5.75
102,Micheweni,68,TZ,2022-06-11 14:32:02,77,-4.9667,39.8333,78.57,18.34
103,Ilulissat,40,GL,2022-06-11 14:32:02,75,69.2167,-51.1,35.62,10.36
104,Petawawa,77,CA,2022-06-11 14:28:42,69,45.9001,-77.3328,63.79,5.28
105,Fortuna Foothills,0,US,2022-06-11 14:32:03,34,32.6578,-114.4119,92.57,9.22
106,Malakal,100,SS,2022-06-11 14:32:04,39,9.5334,31.6605,91.47,6.38
107,Amahai,100,ID,2022-06-11 14:32:04,85,-3.3333,128.9167,78.85,4.0
108,Tucuman,75,AR,2022-06-11 14:32:05,76,-26.8241,-65.2226,55.4,4.61
109,Luderitz,97,NA,2022-06-11 14:32:05,43,-26.6481,15.1594,70.14,10.69
110,Syracuse,1,IT,2022-06-11 14:31:01,63,37.0881,15.2792,83.79,8.39
111,Kourou,69,GF,2022-06-11 14:30:06,69,5.1552,-52.6478,84.25,8.7
112,Fairbanks,0,US,2022-06-11 14:32:06,82,64.8378,-147.7164,48.31,3.44
113,Mount Gambier,100,AU,2022-06-11 14:32:06,77,-37.8333,140.7667,50.56,10.98
114,Beringovskiy,46,RU,2022-06-11 14:32:07,73,63.05,179.3167,37.9,4.56
115,Bac Lieu,77,VN,2022-06-11 14:32:07,82,9.285,105.7244,82.27,8.1
116,Babu,100,CN,2022-06-11 14:32:07,99,24.4167,111.5167,75.13,3.2
117,Kaitangata,79,NZ,2022-06-11 14:32:08,80,-46.2817,169.8464,33.94,5.39
118,Grindavik,75,IS,2022-06-11 14:29:13,66,63.8424,-22.4338,55.35,21.85
119,Wajima,100,JP,2022-06-11 14:32:08,82,37.4,136.9,62.83,14.65
120,Houma,40,US,2022-06-11 14:32:09,82,29.5958,-90.7195,86.0,4.61
121,Butaritari,13,KI,2022-06-11 14:32:09,76,3.0707,172.7902,81.28,10.87
122,Jamestown,91,US,2022-06-11 14:32:10,58,42.097,-79.2353,68.02,4.0
123,Oktyabrskiy,94,RU,2022-06-11 14:32:10,87,54.4815,53.471,61.0,10.25
124,Alofi,58,NU,2022-06-11 14:27:29,100,-19.0595,-169.9187,73.29,4.61
125,Tual,93,ID,2022-06-11 14:32:11,77,-5.6667,132.75,82.15,11.54
126,Moerai,40,PF,2022-06-11 14:32:11,61,-22.4333,-151.3333,74.66,17.9
127,Saurimo,94,AO,2022-06-11 14:32:11,21,-9.6608,20.3916,81.63,2.13
128,Borogontsy,47,RU,2022-06-11 14:32:12,80,62.6683,131.1683,52.45,1.28
129,Dikson,100,RU,2022-06-11 14:32:12,85,73.5069,80.5464,37.67,4.14
130,Saint George,0,US,2022-06-11 14:30:23,21,37.1041,-113.5841,85.78,3.44
131,Bengkulu,100,ID,2022-06-11 14:27:53,89,-3.8004,102.2655,76.21,6.13
132,Provideniya,46,RU,2022-06-11 14:32:12,79,64.3833,-173.3,36.09,2.66
133,Sitka,100,US,2022-06-11 14:32:13,87,57.0531,-135.33,49.89,5.75
134,Bambous Virieux,75,MU,2022-06-11 14:32:13,73,-20.3428,57.7575,73.65,11.5
135,New Norfolk,100,AU,2022-06-11 14:33:14,83,-42.7826,147.0587,40.91,3.0
136,Khirkiya,77,IN,2022-06-11 14:33:17,45,22.1674,76.8605,88.3,4.94
137,Coquimbo,100,CL,2022-06-11 14:33:17,93,-29.9533,-71.3436,49.73,4.61
138,Bud,76,US,2022-06-11 14:33:18,95,39.447,-86.1758,67.68,6.13
139,San Javier,0,ES,2022-06-11 14:33:18,65,37.8063,-0.8374,91.89,9.22
140,Srednekolymsk,65,RU,2022-06-11 14:33:19,74,67.45,153.6833,49.93,3.78
141,Saskylakh,38,RU,2022-06-11 14:33:19,49,71.9167,114.0833,56.66,14.29
142,Hailey,0,US,2022-06-11 14:33:19,66,43.5196,-114.3153,61.81,10.36
143,Aklavik,100,CA,2022-06-11 14:33:20,100,68.2191,-135.0107,33.8,12.66
144,Khandyga,68,RU,2022-06-11 14:33:20,82,62.6667,135.6,49.78,4.27
145,Flin Flon,100,CA,2022-06-11 14:33:21,62,54.7682,-101.865,55.24,8.05
146,Kavaratti,79,IN,2022-06-11 14:33:21,78,10.5669,72.642,83.52,17.09
147,Havelock,75,US,2022-06-11 14:33:21,60,34.8791,-76.9013,82.38,5.75
148,Los Llanos De Aridane,20,ES,2022-06-11 14:33:22,83,28.6585,-17.9182,73.13,17.27
149,Russell,40,US,2022-06-11 14:33:22,69,32.3502,-85.1999,81.01,0.0
150,Leningradskiy,98,RU,2022-06-11 14:29:17,80,69.3833,178.4167,32.04,12.33
151,Chuy,58,UY,2022-06-11 14:33:23,61,-33.6971,-53.4616,51.08,17.87
152,Komsomolskiy,100,UZ,2022-06-11 14:33:23,25,40.4272,71.7189,90.32,6.91
153,Pevek,81,RU,2022-06-11 14:33:24,62,69.7008,170.3133,35.73,6.46
154,Deniliquin,57,AU,2022-06-11 14:33:24,73,-35.5333,144.9667,47.82,10.76
155,Carmen,20,MX,2022-06-11 14:33:24,78,18.6333,-91.8333,80.64,14.97
156,Nanjing,48,CN,2022-06-11 14:32:43,68,32.0617,118.7778,75.11,9.04
157,Kapaa,75,US,2022-06-11 14:33:25,91,22.0752,-159.319,71.92,13.8
158,Georgetown,40,MY,2022-06-11 14:29:48,93,5.4112,100.3354,78.75,4.61
159,La Palma,75,US,2022-06-11 14:33:25,88,33.8464,-118.0467,76.51,3.44
160,Khatanga,31,RU,2022-06-11 14:33:26,51,71.9667,102.5,51.71,7.61
161,Klaksvik,74,FO,2022-06-11 14:33:26,98,62.2266,-6.589,56.32,13.73
162,Correia Pinto,83,BR,2022-06-11 14:33:27,46,-27.5847,-50.3611,46.0,5.79
163,Datong,100,CN,2022-06-11 14:33:27,70,40.0936,113.2914,61.41,9.04
164,Mweka,0,CD,2022-06-11 14:33:27,28,-4.85,21.5667,89.91,1.7
165,Airai,83,TL,2022-06-11 14:33:28,84,-8.9266,125.4092,56.17,3.38
166,Longyearbyen,75,SJ,2022-06-11 14:33:28,81,78.2186,15.6401,39.04,9.22
167,Blyth,20,GB,2022-06-11 14:33:29,53,55.1271,-1.5086,66.34,18.41
168,Moranbah,87,AU,2022-06-11 14:33:29,62,-22.0016,148.0466,49.98,7.14
169,Banepa,40,NP,2022-06-11 14:33:29,78,27.6298,85.5214,75.52,5.75
170,Mahebourg,75,MU,2022-06-11 14:33:30,73,-20.4081,57.7,73.69,11.5
171,Najran,4,SA,2022-06-11 14:33:30,7,17.4924,44.1277,101.05,13.38
172,Eslov,37,SE,2022-06-11 14:33:31,82,55.8393,13.3039,71.62,12.88
173,Nioro,96,GM,2022-06-11 14:33:32,37,13.35,-15.75,95.81,9.51
174,Faanui,32,PF,2022-06-11 14:33:32,77,-16.4833,-151.75,79.57,18.41
175,Simao,100,CN,2022-06-11 14:33:33,99,22.7886,100.9748,66.06,2.77
176,Hualmay,46,PE,2022-06-11 14:33:33,75,-11.0964,-77.6139,66.31,9.08
177,Souillac,75,MU,2022-06-11 14:33:33,73,-20.5167,57.5167,73.78,11.5
178,Pangnirtung,100,CA,2022-06-11 14:33:34,87,66.1451,-65.7125,37.4,8.05
179,Broome,0,US,2022-06-11 14:29:14,65,42.2506,-75.833,68.36,5.75
180,Ust-Ishim,64,RU,2022-06-11 14:33:34,94,57.6935,71.1665,59.0,6.67
181,Pacific Grove,0,US,2022-06-11 14:33:31,89,36.6177,-121.9166,69.39,4.0
182,Isangel,67,VU,2022-06-11 14:34:35,87,-19.55,169.2667,76.62,4.81
183,Asau,95,RO,2022-06-11 14:34:35,68,46.4333,26.4,71.96,3.96
184,Talara,100,PE,2022-06-11 14:34:35,82,-4.5772,-81.2719,66.96,17.27
185,Jibuti,59,DJ,2022-06-11 14:34:36,29,11.5,42.5,93.13,11.07
186,Barahona,20,DO,2022-06-11 14:34:36,74,18.2085,-71.1008,84.02,6.91
187,Bilma,22,NE,2022-06-11 14:34:38,10,18.6853,12.9164,107.6,4.85
188,Bichena,100,ET,2022-06-11 14:34:38,19,10.45,38.2,75.36,12.97
189,Maun,0,BW,2022-06-11 14:34:39,29,-19.9833,23.4167,75.16,4.61
190,Loanda,0,AO,2022-06-11 14:34:39,78,-8.8368,13.2343,77.0,13.8
191,Vardo,20,NO,2022-06-11 14:34:39,81,70.3705,31.1107,48.18,2.3
192,Zenzeli,6,RU,2022-06-11 14:34:40,22,45.9241,47.0474,86.74,14.47
193,Salym,89,RU,2022-06-11 14:34:40,92,60.0625,71.4789,60.55,3.02
194,Barcelos,33,PT,2022-06-11 14:34:40,47,41.5388,-8.6151,93.92,10.09
195,Piopio,100,NZ,2022-06-11 14:34:41,99,-38.4667,175.0167,54.09,3.4
196,Port Elizabeth,0,ZA,2022-06-11 14:34:42,26,-33.918,25.5701,81.1,9.22
197,Bonanza,93,NI,2022-06-11 14:34:42,95,14.0289,-84.591,74.53,3.44
198,Sangmelima,73,CM,2022-06-11 14:34:43,64,2.9333,11.9833,79.07,0.81
199,Gorom-Gorom,75,BF,2022-06-11 14:34:43,23,14.4439,-0.2361,100.99,11.27
200,Kununurra,37,AU,2022-06-11 14:34:44,36,-15.7667,128.7333,64.38,5.75
201,Upernavik,12,GL,2022-06-11 14:34:44,80,72.7868,-56.1549,27.57,10.51
202,Fukue,42,JP,2022-06-11 14:34:44,77,32.6881,128.8419,70.36,17.18
203,Maralal,70,KE,2022-06-11 14:34:45,54,1.0968,36.698,67.98,6.31
204,Cidreira,4,BR,2022-06-11 14:34:45,59,-30.1811,-50.2056,49.8,20.45
205,Turukhansk,99,RU,2022-06-11 14:34:46,43,65.8167,87.9833,65.35,13.6
206,Floro,100,NO,2022-06-11 14:34:46,67,61.5996,5.0328,63.23,26.46
207,Mindelo,20,CV,2022-06-11 14:34:47,57,16.8901,-24.9804,80.15,17.27
208,Pflugerville,0,US,2022-06-11 14:31:53,64,30.4394,-97.62,89.2,12.66
209,Faya,39,SA,2022-06-11 14:34:47,31,18.3851,42.4509,87.91,10.85
210,Novyy Urengoy,100,RU,2022-06-11 14:34:47,65,66.0833,76.6333,66.16,7.67
211,Torbay,75,CA,2022-06-11 14:30:27,68,47.6666,-52.7314,68.77,16.11
212,Pokaran,0,IN,2022-06-11 14:34:48,21,26.9167,71.9167,97.99,12.93
213,Sola,92,VU,2022-06-11 14:34:48,75,-13.8833,167.55,80.74,5.73
214,Caravelas,89,BR,2022-06-11 14:34:49,75,-17.7125,-39.2481,77.07,7.25
215,Kifri,0,IQ,2022-06-11 14:34:49,11,34.6959,44.9661,101.39,14.12
216,Castro,100,BR,2022-06-11 14:34:49,44,-24.7911,-50.0119,54.05,4.29
217,Pangkalanbuun,89,ID,2022-06-11 14:34:50,97,-2.6833,111.6167,74.32,0.51
218,Mehamn,100,NO,2022-06-11 14:34:50,70,71.0357,27.8492,48.11,11.14
219,Ponta Do Sol,0,PT,2022-06-11 14:34:51,73,32.6667,-17.1,80.71,0.98
220,Waipawa,0,NZ,2022-06-11 14:34:51,73,-41.4122,175.5153,49.71,18.03
221,Samarai,69,PG,2022-06-11 14:34:52,81,-10.6167,150.6667,79.99,4.5
222,Safranbolu,100,TR,2022-06-11 14:34:52,97,41.2508,32.6942,62.11,9.53
223,Aksu,56,CN,2022-06-11 14:34:52,24,41.1231,80.2644,81.54,12.82
224,Ulladulla,2,AU,2022-06-11 14:34:53,56,-35.35,150.4667,52.7,14.54
225,Yantal,69,RU,2022-06-11 14:34:53,53,56.8471,105.2542,58.01,1.88
226,Makakilo City,0,US,2022-06-11 14:34:54,71,21.3469,-158.0858,74.19,10.36
227,Sidi Ali,0,DZ,2022-06-11 14:34:54,31,36.0998,0.4206,86.05,17.22
228,Andenes,100,NO,2022-06-11 14:34:54,87,69.3143,16.1194,48.18,3.44
229,Gazanjyk,98,TM,2022-06-11 14:35:55,29,39.2446,55.5154,86.18,6.2
230,Koslan,94,RU,2022-06-11 14:35:55,36,63.4564,48.8989,57.69,10.16
231,Viedma,20,AR,2022-06-11 14:35:55,29,-40.8135,-62.9967,54.09,12.75
232,Sao Filipe,8,CV,2022-06-11 14:35:56,76,14.8961,-24.4956,75.31,4.92
233,Raudeberg,100,NO,2022-06-11 14:35:56,79,61.9875,5.1352,59.67,26.26
234,Cabedelo,57,BR,2022-06-11 14:33:02,73,-6.9811,-34.8339,75.87,4.12
235,Batagay-Alyta,92,RU,2022-06-11 14:35:57,50,67.8006,130.4114,49.87,0.85
236,College,75,US,2022-06-11 14:35:57,81,64.8569,-147.8028,48.29,3.44
237,San Cristobal,99,VE,2022-06-11 14:35:58,52,7.7669,-72.225,73.58,7.27
238,Baykit,97,RU,2022-06-11 14:32:17,51,61.67,96.37,59.58,7.0
239,Susanville,0,US,2022-06-11 14:35:58,36,40.4163,-120.653,70.12,5.01
240,Santa Cruz,75,BO,2022-06-11 14:35:12,63,-17.8,-63.1667,62.65,27.63
241,Narsaq,100,GL,2022-06-11 14:35:59,57,60.9167,-46.05,55.62,6.44
242,Bougouni,14,ML,2022-06-11 14:35:59,18,11.417,-7.479,103.78,4.74
243,Nanortalik,100,GL,2022-06-11 14:35:59,69,60.1432,-45.2371,43.9,8.9
244,Santiago Del Estero,48,AR,2022-06-11 14:31:30,24,-27.7951,-64.2615,60.91,8.1
245,Inta,99,RU,2022-06-11 14:36:00,65,66.0317,60.1659,52.92,21.68
246,Thinadhoo,75,MV,2022-06-11 14:36:01,73,0.5333,72.9333,83.59,8.03
247,Norden,1,DE,2022-06-11 14:36:01,71,53.6,7.2,71.15,13.31
248,Ambovombe,20,MG,2022-06-11 14:36:02,79,-25.1667,46.0833,69.75,17.36
249,Turayf,0,SA,2022-06-11 14:36:02,12,31.6725,38.6637,98.85,16.11
250,East London,0,ZA,2022-06-11 14:36:02,53,-33.0153,27.9116,76.14,3.44
251,Shaunavon,98,CA,2022-06-11 14:36:03,57,49.6501,-108.4181,58.78,8.25
252,Dwarka,95,IN,2022-06-11 14:34:32,73,22.2394,68.9678,84.99,14.2
253,Santiago,0,CL,2022-06-11 14:33:56,44,-33.4569,-70.6483,75.29,4.61
254,Barcelona,0,ES,2022-06-11 14:36:04,51,41.3888,2.159,97.2,13.8
255,San Carlos,55,VE,2022-06-11 14:36:04,64,9.6612,-68.5827,86.13,3.47
256,Tiksi,85,RU,2022-06-11 14:31:28,76,71.6872,128.8694,37.72,7.25
257,Pathri,46,IN,2022-06-11 14:36:05,71,19.25,76.45,81.07,16.98
258,Pale,75,BA,2022-06-11 14:36:05,73,43.8161,18.5694,64.15,6.91
259,Upata,73,VE,2022-06-11 14:36:05,58,8.0086,-62.3989,84.65,8.5
260,Ixtapa,75,MX,2022-06-11 14:35:17,94,20.7,-105.2,80.22,3.44
261,Manado,40,ID,2022-06-11 14:36:06,94,1.487,124.8455,75.97,3.44
262,Saldanha,100,ZA,2022-06-11 14:36:06,52,-33.0117,17.9442,80.65,12.97
263,Grand Gaube,72,MU,2022-06-11 14:36:07,80,-20.0064,57.6608,73.8,5.01
264,Saltillo,0,MX,2022-06-11 14:35:10,52,25.4167,-101.0,79.29,9.22
265,Baturaja,100,ID,2022-06-11 14:36:07,98,-4.1333,104.1667,73.53,2.24
266,Northam,8,GB,2022-06-11 14:36:08,75,51.0333,-4.2167,63.66,18.07
267,Rio Gallegos,100,AR,2022-06-11 14:36:08,70,-51.6226,-69.2181,44.65,5.75
268,Vilhena,40,BR,2022-06-11 14:34:34,82,-12.7406,-60.1458,64.62,16.11
269,Luganville,92,VU,2022-06-11 14:36:09,88,-15.5333,167.1667,76.71,3.76
270,Veraval,89,IN,2022-06-11 14:36:10,79,20.9,70.3667,83.16,13.78
271,Maltahohe,9,NA,2022-06-11 14:36:12,16,-24.8333,16.9833,73.27,15.48
272,Bereda,77,ES,2022-06-11 14:36:12,86,43.2686,-7.5406,69.42,7.61
273,Port Lincoln,7,AU,2022-06-11 14:36:12,75,-34.7333,135.8667,53.17,7.02
274,Melfi,68,IT,2022-06-11 14:37:14,59,40.9965,15.6514,75.76,18.52
275,Nicoya,72,CR,2022-06-11 14:37:14,78,10.1483,-85.452,81.59,3.58
276,Mikkeli,0,FI,2022-06-11 14:37:15,46,61.6886,27.2723,73.51,8.05
277,Yar-Sale,59,RU,2022-06-11 14:37:15,72,66.8333,70.8333,63.61,2.59
278,Vila Velha,75,BR,2022-06-11 14:34:23,73,-20.3297,-40.2925,78.75,15.01
279,Tarrega,3,ES,2022-06-11 14:37:15,18,41.647,1.1396,95.59,10.69
280,Acurenam,52,GQ,2022-06-11 14:37:16,68,1.0322,10.6488,79.23,1.36
281,Rocha,100,UY,2022-06-11 14:37:16,69,-34.4833,-54.3333,50.16,17.52
282,Urdoma,87,RU,2022-06-11 14:37:17,45,61.7533,48.5442,57.79,7.9
283,Acapulco,100,MX,2022-06-11 14:32:35,83,16.8634,-99.8901,78.62,4.61
284,Port Hope,66,US,2022-06-11 14:37:17,23,43.9408,-82.7127,70.72,8.05
285,Cherskiy,100,RU,2022-06-11 14:37:17,46,68.75,161.3,57.81,6.31
286,Xingcheng,77,CN,2022-06-11 14:37:19,85,40.6167,120.7167,64.36,3.62
287,Villefranche-De-Rouergue,17,FR,2022-06-11 14:37:20,24,44.3333,2.0,92.03,5.91
288,Lively,3,CA,2022-06-11 14:37:21,49,46.4334,-81.1498,65.01,4.85
289,Kamennogorsk,69,RU,2022-06-11 14:37:22,49,60.9545,29.1339,74.28,6.06
290,Barwadih,92,IN,2022-06-11 14:37:22,16,23.8333,84.1167,95.9,3.85
291,Kaeo,22,NZ,2022-06-11 14:37:23,96,-35.1,173.7833,53.33,14.58
292,Aksha,100,RU,2022-06-11 14:37:23,91,50.2814,113.2867,54.81,8.19
293,Subate,43,LV,2022-06-11 14:37:24,82,56.0062,25.9076,67.53,4.74
294,Guaruja,100,BR,2022-06-11 14:37:24,26,-23.9931,-46.2564,64.89,2.3
295,Salalah,20,OM,2022-06-11 14:37:24,74,17.0151,54.0924,89.69,11.5
296,Aljezur,70,PT,2022-06-11 14:37:25,46,37.3191,-8.8033,83.88,5.3
297,Deloraine,28,AU,2022-06-11 14:37:25,70,-41.5333,146.6667,49.35,12.12
298,Gat,0,IL,2022-06-11 14:37:26,31,31.61,34.7642,98.4,10.65
299,Jalu,0,LY,2022-06-11 14:37:26,20,29.0331,21.5482,94.01,17.96
300,Dingle,100,PH,2022-06-11 14:37:27,88,10.9995,122.6711,78.51,1.12
301,Colac,100,AU,2022-06-11 14:37:27,83,-38.3333,143.5833,48.16,13.73
302,Saint Anthony,100,US,2022-06-11 14:37:27,89,45.0205,-93.218,67.48,5.75
303,Dumbea,73,NC,2022-06-11 14:37:28,99,-22.15,166.45,71.98,0.87
304,Charleville-Mezieres,38,FR,2022-06-11 14:37:28,61,49.7667,4.7167,77.77,8.25
305,Hobyo,75,SO,2022-06-11 14:37:29,77,5.3505,48.5268,80.15,28.34
306,Kyren,0,RU,2022-06-11 14:37:29,75,51.6828,102.1408,54.9,1.63
307,Penhold,75,CA,2022-06-11 14:37:29,66,52.1334,-113.8687,55.2,2.3
308,Garowe,74,SO,2022-06-11 14:37:30,27,8.4054,48.4845,92.93,18.9
309,Celestun,0,MX,2022-06-11 14:37:30,61,20.8667,-90.4,83.91,7.63
310,Mason City,100,US,2022-06-11 14:34:30,76,43.1536,-93.201,67.08,6.91
311,Trincomalee,100,LK,2022-06-11 14:37:31,72,8.5711,81.2335,83.12,13.96
312,Iwaki,100,JP,2022-06-11 14:37:31,95,37.05,140.8833,66.78,2.33
313,Mbarara,99,UG,2022-06-11 14:37:32,72,-0.608,30.65,70.54,3.0
314,Longkou,8,CN,2022-06-11 14:37:32,77,37.6508,120.3286,68.81,14.27
315,Oakland Park,0,US,2022-06-11 14:37:20,67,26.1723,-80.132,87.03,11.5
316,Bowen,99,AU,2022-06-11 14:37:33,73,-20.0167,148.2333,57.07,7.29
317,Uyemskiy,20,RU,2022-06-11 14:37:33,36,64.4743,40.8524,64.45,6.71
318,Lompoc,0,US,2022-06-11 14:37:33,82,34.6391,-120.4579,68.0,3.44
319,Hamilton,100,US,2022-06-11 14:38:06,78,39.1834,-84.5333,72.59,3.44
320,Peterhead,38,GB,2022-06-11 14:35:45,70,57.5058,-1.7981,63.45,20.51
321,Camacha,40,PT,2022-06-11 14:38:34,73,33.0833,-16.3333,69.22,18.41
322,Esperance,38,AU,2022-06-11 14:38:34,63,-33.8667,121.9,56.59,18.01
323,San Andres,75,CO,2022-06-11 14:34:14,78,12.5847,-81.7006,82.42,18.41
324,Marsh Harbour,88,BS,2022-06-11 14:35:33,69,26.5412,-77.0636,82.24,9.66
325,Churapcha,64,RU,2022-06-11 14:38:35,76,62.0025,132.4325,51.48,2.44
326,Kropotkin,31,RU,2022-06-11 14:38:35,45,45.4375,40.5756,81.57,5.48
327,Tahta,0,EG,2022-06-11 14:38:36,7,26.7693,31.5021,109.9,16.13
328,Zhigansk,13,RU,2022-06-11 14:38:36,79,66.7697,123.3711,49.3,9.86
329,Sept-Iles,75,CA,2022-06-11 14:38:36,72,50.2001,-66.3821,64.4,11.5
330,Rio Verde De Mato Grosso,98,BR,2022-06-11 14:38:37,53,-18.9181,-54.8442,69.62,7.45
331,Argayash,54,RU,2022-06-11 14:38:37,83,55.4888,60.8767,65.89,13.76
332,Victoria,100,HK,2022-06-11 14:34:30,86,22.2855,114.1577,84.38,1.01
333,Ambon,40,ID,2022-06-11 14:38:38,100,-3.6954,128.1814,77.14,3.44
334,Tuatapere,75,NZ,2022-06-11 14:38:38,93,-46.1333,167.6833,33.15,6.96
335,Salinopolis,40,BR,2022-06-11 14:38:38,71,-0.6136,-47.3561,83.7,9.19
336,Nisia Floresta,76,BR,2022-06-11 14:38:39,71,-6.0911,-35.2086,88.18,5.79
337,Cayenne,75,GF,2022-06-11 14:38:39,5,4.9333,-52.3333,86.04,3.44
338,Kondinskoye,100,RU,2022-06-11 14:38:39,77,59.6481,67.41,61.61,6.53
339,Haines Junction,100,CA,2022-06-11 14:38:40,87,60.7522,-137.5108,42.75,1.14
340,Gold Coast,8,AU,2022-06-11 14:38:40,88,-28.0,153.4333,54.0,3.44
341,Wanaka,33,NZ,2022-06-11 14:38:41,95,-44.7,169.15,32.32,4.34
342,Hasaki,100,JP,2022-06-11 14:38:41,92,35.7333,140.8333,66.6,13.82
343,The Valley,20,AI,2022-06-11 14:38:41,79,18.217,-63.0578,86.09,19.57
344,Pachino,0,IT,2022-06-11 14:38:42,69,36.7186,15.0907,75.67,6.26
345,Katsuura,100,JP,2022-06-11 14:38:42,93,35.1333,140.3,64.42,19.1
346,Touros,73,BR,2022-06-11 14:38:43,60,-5.1989,-35.4608,85.41,9.22
347,Sisimiut,34,GL,2022-06-11 14:38:43,66,66.9395,-53.6735,40.91,10.98
348,Buala,16,SB,2022-06-11 14:38:43,80,-8.145,159.5921,79.3,4.25
349,Shimoda,100,JP,2022-06-11 14:38:44,91,34.6667,138.95,64.11,22.24
350,Nouadhibou,4,MR,2022-06-11 14:38:44,80,20.931,-17.0347,68.88,26.46
351,Igarka,100,RU,2022-06-11 14:38:45,43,67.4667,86.5833,64.54,13.49
352,Shipunovo,100,RU,2022-06-11 14:38:45,73,52.1582,82.2173,65.01,2.91
353,Hare Bay,100,CA,2022-06-11 14:38:46,54,48.8499,-54.0148,67.35,15.64
354,Cerritos,75,US,2022-06-11 14:38:46,88,33.8583,-118.0648,76.5,3.44
355,Izhevskoye,90,RU,2022-06-11 14:38:46,68,54.5567,40.8703,68.32,8.01
356,Quatre Cocos,94,MU,2022-06-11 14:38:47,71,-20.2078,57.7625,73.51,18.57
357,Aasiaat,69,GL,2022-06-11 14:38:47,86,68.7098,-52.8699,33.96,8.84
358,Akureyri,75,IS,2022-06-11 14:38:48,87,65.6835,-18.0878,46.33,5.75
359,Scottsbluff,0,US,2022-06-11 14:37:34,46,41.8666,-103.6672,77.77,12.66
360,Le Port,67,RE,2022-06-11 14:38:48,71,-20.9373,55.2919,71.6,5.64
361,Minab,0,IR,2022-06-11 14:38:49,46,27.1467,57.0801,97.12,4.61
362,Hayvoron,92,UA,2022-06-11 14:38:50,54,48.3396,29.8679,77.72,8.21
363,Kharan,95,PK,2022-06-11 14:38:50,11,28.5833,65.4167,101.28,10.69
364,Fort Nelson,100,CA,2022-06-11 14:38:51,100,58.8053,-122.7002,45.99,6.91
365,Garissa,95,KE,2022-06-11 14:38:51,46,-0.4536,39.6401,86.23,20.2
366,Belaya Gora,6,RU,2022-06-11 14:39:51,68,68.5333,146.4167,52.5,3.76
367,Laguna,0,US,2022-06-11 14:39:52,70,38.421,-121.4238,79.09,1.01
368,Makinsk,64,KZ,2022-06-11 14:39:52,56,52.6292,70.4169,62.91,8.57
369,Tucupita,79,VE,2022-06-11 14:39:53,66,9.0622,-62.051,85.48,7.7
370,Holetown,94,BB,2022-06-11 14:39:53,74,13.1867,-59.6381,84.76,21.54
371,Montevideo,0,UY,2022-06-11 14:35:22,61,-34.8335,-56.1674,51.82,14.97
372,Kochubey,0,RU,2022-06-11 14:39:53,31,44.3861,46.5825,81.68,15.73
373,Bilibino,99,RU,2022-06-11 14:39:54,47,68.0546,166.4372,54.07,6.71
374,Chapais,67,CA,2022-06-11 14:39:54,53,49.7834,-74.8492,51.58,6.06
375,Banff,93,CA,2022-06-11 14:39:54,71,51.1762,-115.5698,52.83,6.91
376,Koungou,75,YT,2022-06-11 14:39:55,69,-12.7336,45.2042,80.31,12.66
377,Hovd,53,MN,2022-06-11 14:39:55,41,48.0056,91.6419,65.1,9.46
378,Ossora,100,RU,2022-06-11 14:39:56,81,59.2353,163.0719,43.93,5.75
379,Conceicao Do Araguaia,96,BR,2022-06-11 14:39:56,34,-8.2578,-49.2647,89.73,5.1
380,Lebu,95,CL,2022-06-11 14:39:56,66,-37.6167,-73.65,52.81,3.24
381,Wundanyi,86,KE,2022-06-11 14:39:57,56,-3.4019,38.364,68.47,15.26
382,Odweyne,23,SO,2022-06-11 14:39:57,22,9.4092,45.064,89.91,8.72
383,North Bend,100,US,2022-06-11 14:39:57,100,43.4065,-124.2243,62.24,5.75
384,Ust-Omchug,93,RU,2022-06-11 14:39:58,90,61.15,149.6333,35.8,4.61
385,Honiara,7,SB,2022-06-11 14:39:58,84,-9.4333,159.95,76.55,3.47
386,Charcas,36,MX,2022-06-11 14:39:59,58,23.1333,-101.1167,66.63,3.42
387,Kathmandu,40,NP,2022-06-11 14:39:44,78,27.7167,85.3167,77.22,5.75
388,Abnub,0,EG,2022-06-11 14:39:59,8,27.2696,31.1511,109.62,16.26
389,Prince Rupert,100,CA,2022-06-11 14:35:05,81,54.3161,-130.3201,50.09,21.85
390,Yangliuqing,100,CN,2022-06-11 14:40:00,73,39.1375,116.9997,71.55,11.72
391,French Harbor,20,HN,2022-06-11 14:40:00,85,16.35,-86.4333,84.2,13.8
392,Kenai,100,US,2022-06-11 14:40:01,88,60.5544,-151.2583,52.14,8.05
393,Seymchan,100,RU,2022-06-11 14:40:01,92,62.8833,152.4333,43.32,1.88
394,Suntar,100,RU,2022-06-11 14:40:02,93,62.1444,117.6319,50.11,0.31
395,Tura,10,IN,2022-06-11 14:40:03,95,25.5198,90.2201,75.22,6.55
396,Kashin,29,RU,2022-06-11 14:40:04,80,57.3592,37.6081,65.93,5.3
397,Pyu,94,MM,2022-06-11 14:40:04,95,18.4833,96.4333,76.14,6.96
398,Tambun,100,ID,2022-06-11 14:40:05,88,-6.2641,107.0712,80.49,4.05
399,Port Hedland,0,AU,2022-06-11 14:40:05,88,-20.3167,118.5667,68.05,4.61
400,Douglas,40,US,2022-06-11 14:40:05,81,41.3,-96.167,78.85,8.05
401,Sal Rei,20,CV,2022-06-11 14:40:06,69,16.1833,-22.9167,79.0,12.66
402,Freetown,75,SL,2022-06-11 14:37:01,70,8.484,-13.2299,83.91,8.05
403,Nizwa,0,OM,2022-06-11 14:40:06,8,22.9333,57.5333,103.37,14.83
404,Ballina,3,AU,2022-06-11 14:40:07,71,-28.8667,153.5667,52.02,11.9
405,Talcahuano,0,CL,2022-06-11 14:40:07,81,-36.7167,-73.1167,44.28,6.91
406,Armizonskoye,90,RU,2022-06-11 14:40:08,83,55.9461,67.6736,60.78,10.92
407,Lasa,0,IT,2022-06-11 14:40:08,33,46.6166,10.7002,80.69,5.41
408,Susangerd,0,IR,2022-06-11 14:40:08,6,31.5608,48.1831,106.99,22.82
409,Tigil,100,RU,2022-06-11 14:40:09,80,57.8,158.6667,42.37,10.13
410,Torbat-E Jam,66,IR,2022-06-11 14:40:09,35,35.244,60.6225,78.67,19.73
411,Avera,85,US,2022-06-11 14:41:10,43,33.194,-82.5271,85.37,2.1
412,Changji,0,CN,2022-06-11 14:36:29,16,44.0167,87.3167,92.19,4.47
413,Lorengau,70,PG,2022-06-11 14:41:10,79,-2.0226,147.2712,80.37,4.94
414,Sorong,29,ID,2022-06-11 14:41:11,75,-0.8833,131.25,82.0,10.78
415,Ravar,0,IR,2022-06-11 14:41:11,9,31.2656,56.8055,92.44,12.44
416,Maroantsetra,51,MG,2022-06-11 14:41:12,86,-15.4333,49.7333,71.6,9.89
417,Banda Aceh,83,ID,2022-06-11 14:41:13,78,5.5577,95.3222,80.47,9.04
418,Brawley,0,US,2022-06-11 14:41:13,57,32.9787,-115.5303,91.62,3.44
419,Qaqortoq,100,GL,2022-06-11 14:41:13,71,60.7167,-46.0333,43.9,7.18
420,Mahibadhoo,44,MV,2022-06-11 14:41:14,76,3.7833,72.9667,82.47,8.75
421,Fortuna,100,US,2022-06-11 14:37:54,94,40.5982,-124.1573,64.92,0.0
422,Guerrero Negro,13,MX,2022-06-11 14:41:14,71,27.9769,-114.0611,68.65,10.33
423,Chabahar,2,IR,2022-06-11 14:41:15,83,25.2919,60.643,84.29,15.08
424,Bathsheba,75,BB,2022-06-11 14:41:15,74,13.2167,-59.5167,84.81,23.02
425,Shirokiy,4,RU,2022-06-11 14:41:15,74,49.758,129.523,58.77,2.75
426,Xiuyan,46,CN,2022-06-11 14:41:16,88,40.2928,123.2744,60.21,3.13
427,Ketchikan,75,US,2022-06-11 14:41:16,87,55.3422,-131.6461,50.47,13.8
428,Rincon,75,US,2022-06-11 14:41:17,76,32.296,-81.2354,85.91,1.01
429,La Ronge,100,CA,2022-06-11 14:41:17,94,55.1001,-105.2842,53.85,9.22
430,Kahului,0,US,2022-06-11 14:41:17,82,20.8947,-156.47,75.85,10.36
431,Pathein,55,MM,2022-06-11 14:41:18,84,16.7833,94.7333,79.7,5.21
432,Monrovia,100,LR,2022-06-11 14:41:18,72,6.3005,-10.7969,81.93,8.79
433,Kavieng,7,PG,2022-06-11 14:41:18,71,-2.5744,150.7967,81.95,12.64
434,Harper,100,LR,2022-06-11 14:41:19,90,4.375,-7.7169,76.14,7.65
435,Porto Torres,0,IT,2022-06-11 14:41:19,50,40.835,8.3972,86.18,11.77
436,Blacksburg,100,US,2022-06-11 14:41:04,71,37.2296,-80.4139,70.72,0.0
437,Richards Bay,0,ZA,2022-06-11 14:41:19,72,-28.783,32.0377,68.59,10.89
438,Manakara,8,MG,2022-06-11 14:41:20,88,-22.1333,48.0167,67.8,4.63
439,Enshi,100,CN,2022-06-11 14:39:09,91,30.3,109.4833,66.07,3.42
440,Adrar,23,MR,2022-06-11 14:41:20,7,20.5022,-10.0711,109.71,5.46
441,Urumqi,0,CN,2022-06-11 14:41:21,16,43.801,87.6005,88.75,4.47
442,Kismayo,17,SO,2022-06-11 14:41:21,78,-0.3582,42.5454,79.84,17.47
443,Yurovka,40,RU,2022-06-11 14:41:22,61,45.1147,37.4188,80.1,8.95
444,Kanker,94,IN,2022-06-11 14:41:22,59,20.2719,81.4931,84.13,6.17
445,Westlock,77,CA,2022-06-11 14:41:22,62,54.1502,-113.8688,61.11,1.97
446,Aguas Formosas,75,BR,2022-06-11 14:41:23,36,-17.0822,-40.9358,84.22,5.48
447,Nokaneng,0,BW,2022-06-11 14:41:23,24,-19.6667,22.2667,75.69,8.55
448,Varnavino,3,RU,2022-06-11 14:41:23,51,57.4035,45.0916,64.11,7.36
449,Saraland,100,US,2022-06-11 14:41:23,73,30.8207,-88.0706,83.3,4.03
450,Berlevag,75,NO,2022-06-11 14:41:24,76,70.8578,29.0864,58.8,21.85
451,Vila Franca Do Campo,99,PT,2022-06-11 14:41:24,82,37.7167,-25.4333,70.21,5.99
452,Ailigandi,100,PA,2022-06-11 14:41:24,81,9.2333,-78.0167,81.0,3.33
453,Karaman,36,TR,2022-06-11 14:41:25,26,37.0833,33.25,80.2,24.99
454,Zagare,66,LT,2022-06-11 14:41:25,65,56.3592,23.25,69.44,8.95
455,Alexandria,0,EG,2022-06-11 14:40:46,45,31.2156,29.9553,84.74,12.66
456,Honningsvag,100,NO,2022-06-11 14:42:26,81,70.9821,25.9704,46.15,8.05
457,Corner Brook,58,CA,2022-06-11 14:40:36,64,48.9667,-57.9484,66.36,16.75
458,Port Blair,40,IN,2022-06-11 14:42:27,83,11.6667,92.75,82.44,5.75
459,Shingu,100,JP,2022-06-11 14:39:16,95,33.7333,135.9833,64.58,11.97
460,Kresttsy,69,RU,2022-06-11 14:42:28,64,58.2452,32.5165,66.9,6.44
461,Ilhabela,100,BR,2022-06-11 14:42:29,87,-23.7781,-45.3581,65.01,6.06
462,Padang,100,ID,2022-06-11 14:42:29,96,-0.9492,100.3543,73.45,8.14
463,Coihaique,100,CL,2022-06-11 14:41:51,93,-45.5752,-72.0662,29.01,0.0
464,Pangoa,95,PE,2022-06-11 14:42:30,74,-12.1167,-73.0,66.4,2.39
465,Mokhsogollokh,75,RU,2022-06-11 14:42:30,82,61.4681,128.9203,52.81,1.66
466,Chulym,100,RU,2022-06-11 14:42:30,88,55.0997,80.9572,63.01,16.24
467,Wangqing,2,CN,2022-06-11 14:42:31,94,43.3218,129.7634,52.52,2.21
468,Lagoa,100,PT,2022-06-11 14:42:31,88,39.05,-27.9833,59.9,14.03
469,Henties Bay,0,NA,2022-06-11 14:42:31,53,-22.116,14.2845,70.23,8.61
470,Flinders,0,AU,2022-06-11 14:42:32,61,-34.5833,150.8552,53.38,13.0
471,Bouca,75,CF,2022-06-11 14:42:32,40,6.5105,18.2733,90.14,3.15
472,Oranjemund,99,NA,2022-06-11 14:42:32,41,-28.55,16.4333,69.37,12.41
473,Okhotsk,51,RU,2022-06-11 14:42:33,96,59.3833,143.3,39.27,1.57
474,Chokurdakh,11,RU,2022-06-11 14:42:33,55,70.6333,147.9167,48.42,10.65
475,Macusani,0,PE,2022-06-11 14:42:33,30,-14.0833,-70.4333,43.09,4.43
476,Nabire,20,ID,2022-06-11 14:42:34,91,-3.3667,135.4833,75.88,3.02
477,Ilek,85,RU,2022-06-11 14:42:34,66,51.5271,53.3831,71.69,7.23
478,Portland,100,US,2022-06-11 14:41:00,93,45.5234,-122.6762,61.45,1.01
479,Pringsewu,100,ID,2022-06-11 14:42:34,97,-5.3582,104.9744,74.03,3.06
480,Nehe,20,CN,2022-06-11 14:42:35,48,48.4833,124.8333,61.02,7.36
481,Half Moon Bay,0,US,2022-06-11 14:42:35,85,37.4636,-122.4286,73.89,3.44
482,Takoradi,74,GH,2022-06-11 14:42:36,74,4.8845,-1.7554,80.82,13.51
483,Port Pirie,0,AU,2022-06-11 14:42:36,84,-33.1833,138.0167,49.32,3.8
484,Rio Grande,4,BR,2022-06-11 14:42:37,60,-32.035,-52.0986,51.91,21.41
485,Altamont,20,US,2022-06-11 14:42:40,82,42.2068,-121.7372,62.4,1.01
486,Sao Felix Do Xingu,99,BR,2022-06-11 14:42:41,50,-6.6447,-51.995,88.14,2.62
487,Neiafu,75,TO,2022-06-11 14:42:41,94,-18.65,-173.9833,75.88,0.0
488,Alyangula,100,AU,2022-06-11 14:42:42,73,-13.8483,136.4192,70.36,11.72
489,Uige,4,AO,2022-06-11 14:42:43,19,-7.6087,15.0613,87.24,2.3
490,Roald,75,NO,2022-06-11 14:42:43,72,62.5833,6.1333,68.9,11.5
491,Bubaque,100,GW,2022-06-11 14:42:44,78,11.2833,-15.8333,80.58,8.68
492,Tecoanapa,99,MX,2022-06-11 14:42:44,71,16.5167,-98.75,82.85,1.72
493,Berekua,20,DM,2022-06-11 14:42:44,58,15.2333,-61.3167,88.74,4.61
494,Akdepe,18,TM,2022-06-11 14:42:45,27,42.0551,59.3788,84.29,8.63
495,Shanghai,20,CN,2022-06-11 14:41:11,78,31.2222,121.4581,73.26,8.95
496,Naron,70,ES,2022-06-11 14:42:45,82,43.5167,-8.1528,74.55,16.31
497,Tezu,100,IN,2022-06-11 14:42:45,98,27.9167,96.1667,73.45,4.09
498,Khani,35,GE,2022-06-11 14:42:46,64,41.9563,42.9566,81.97,3.49
499,Tahoua,0,NE,2022-06-11 14:43:46,45,14.8888,5.2692,85.98,11.5
500,Batsfjord,40,NO,2022-06-11 14:43:47,51,70.6345,29.7185,58.78,3.44
501,Riyadh,0,SA,2022-06-11 14:40:46,7,24.6877,46.7219,109.54,15.28
502,Kingston,20,JM,2022-06-11 14:43:31,64,17.997,-76.7936,88.25,14.97
503,Florida,100,US,2022-06-11 14:40:18,82,28.7505,-82.5001,85.91,4.61
504,General Pico,0,AR,2022-06-11 14:41:17,27,-35.6566,-63.7568,56.91,6.78
505,Sinnamary,75,GF,2022-06-11 14:43:47,70,5.3833,-52.95,82.85,8.66
506,Husavik,100,IS,2022-06-11 14:43:48,97,66.0449,-17.3389,45.18,4.81
507,Norman Wells,75,CA,2022-06-11 14:43:49,71,65.282,-126.8329,53.64,2.3
508,Zelenoborsk,41,RU,2022-06-11 14:43:50,76,61.4669,64.0333,62.31,6.71
509,Bichura,96,RU,2022-06-11 14:43:50,91,50.5881,107.6022,52.02,0.96
510,Vanimo,57,PG,2022-06-11 14:43:50,84,-2.6741,141.3028,79.3,4.59
511,Todos Santos,51,MX,2022-06-11 14:43:51,67,23.45,-110.2167,90.05,4.83
512,Port Macquarie,0,AU,2022-06-11 14:43:51,72,-31.4333,152.9167,46.54,7.61
513,Bhera,0,PK,2022-06-11 14:43:51,10,32.4832,72.9097,103.62,4.25
514,Kerrobert,100,CA,2022-06-11 14:43:52,43,51.9168,-109.1348,62.65,9.73
515,Biswan,0,IN,2022-06-11 14:43:53,11,27.5,81.0,104.02,5.35
516,Atasu,52,KZ,2022-06-11 14:43:54,34,48.6814,71.6433,69.8,6.35
517,Registro,98,BR,2022-06-11 14:43:54,75,-24.4875,-47.8436,65.77,2.89
518,Antofagasta,40,CL,2022-06-11 14:43:54,53,-23.65,-70.4,66.22,5.37
519,Nizhniy Kuranakh,100,RU,2022-06-11 14:43:55,88,58.8353,125.4869,57.09,1.88
520,Deir Hanna,0,IL,2022-06-11 14:43:55,21,32.862,35.3637,96.82,8.93
521,Brejo Da Madre De Deus,70,BR,2022-06-11 14:43:57,74,-8.1458,-36.3711,76.75,6.55
522,Carauari,100,BR,2022-06-11 14:43:57,91,-4.8828,-66.8958,73.0,5.1
523,Cabo San Lucas,32,MX,2022-06-11 14:39:18,66,22.8909,-109.9124,81.7,7.2
524,Ryotsu,100,JP,2022-06-11 14:43:57,84,38.0833,138.4333,62.13,12.46
525,Redkino,80,RU,2022-06-11 14:43:58,67,56.6475,36.2967,67.21,2.93
526,Pahrump,0,US,2022-06-11 14:43:58,21,36.2083,-115.9839,92.25,8.99
527,Scarborough,46,GB,2022-06-11 14:43:58,76,54.2797,-0.4044,66.9,5.01
528,Smidovich,38,RU,2022-06-11 14:43:59,94,48.6,133.8167,55.69,3.87
529,Poum,62,NC,2022-06-11 14:43:59,74,-20.2333,164.0167,75.51,10.2
530,Saint-Augustin,100,CA,2022-06-11 14:44:00,87,51.226,-58.6502,54.5,21.21
531,El Dorado,43,US,2022-06-11 14:44:00,28,38.7666,-120.5177,76.6,2.68
532,Leeton,64,AU,2022-06-11 14:44:00,83,-34.5667,146.4,43.66,9.55
533,Lazaro Cardenas,100,MX,2022-06-11 14:44:01,65,17.9583,-102.2,84.49,1.01
534,Ostrovnoy,33,RU,2022-06-11 14:44:01,46,68.0531,39.5131,58.32,5.03
535,Hambantota,75,LK,2022-06-11 14:44:01,83,6.1241,81.1185,82.74,8.05
536,Yakeshi,100,CN,2022-06-11 14:44:02,80,49.2833,120.7333,56.25,7.34
537,Olinda,100,BR,2022-06-11 14:43:39,94,-8.0089,-34.8553,74.93,2.3
538,Maragogi,15,BR,2022-06-11 14:44:02,77,-9.0122,-35.2225,80.35,3.98
539,Louny,98,CZ,2022-06-11 14:44:03,37,50.357,13.7967,80.58,4.63
540,Gorontalo,40,ID,2022-06-11 14:44:03,95,0.5412,123.0595,74.86,3.04
541,Madimba,7,TZ,2022-06-11 14:44:03,68,-10.4,40.3333,77.59,14.79
542,Te Anau,86,NZ,2022-06-11 14:44:04,96,-45.4167,167.7167,37.74,5.77
543,Hay River,75,CA,2022-06-11 14:45:04,77,60.8156,-115.7999,60.78,4.61
544,Whitehorse,75,CA,2022-06-11 14:45:04,70,60.7161,-135.0538,46.81,10.36
545,Ranaghat,61,IN,2022-06-11 14:45:05,69,23.1833,88.5833,87.85,17.6
546,Poli,82,TZ,2022-06-11 14:45:05,63,-3.3333,36.8,65.39,7.29
547,Omboue,55,GA,2022-06-11 14:45:06,76,-1.5746,9.2618,79.61,10.76
548,Noumea,76,NC,2022-06-11 14:45:06,99,-22.2763,166.4572,72.0,0.54
549,Nagato,13,JP,2022-06-11 14:45:08,94,34.3833,131.2,66.2,11.23
550,Alvand,2,IR,2022-06-11 14:45:08,59,36.3187,49.1678,62.2,9.08
551,Turba,20,EE,2022-06-11 14:45:08,64,59.0831,24.225,73.06,9.22
552,Saint-Georges,75,GD,2022-06-11 14:45:08,70,12.0564,-61.7485,85.68,26.46
553,Vila Do Maio,37,CV,2022-06-11 14:45:09,83,15.1333,-23.2167,84.99,8.01
554,Banjar,75,ID,2022-06-11 14:45:09,90,-8.19,114.9675,77.76,2.98
555,Groningen,75,NL,2022-06-11 14:44:12,49,53.25,6.75,74.21,11.5
556,West Wendover,0,US,2022-06-11 14:45:10,19,40.7391,-114.0733,78.01,3.44
557,Ola,100,RU,2022-06-11 14:45:10,98,59.5833,151.2833,35.15,5.46
558,Normandin,60,CA,2022-06-11 14:45:11,48,48.8333,-72.5321,66.51,1.14
559,Upington,0,ZA,2022-06-11 14:45:11,18,-28.4478,21.2561,77.38,13.8
560,Mabaruma,100,GY,2022-06-11 14:45:11,84,8.2,-59.7833,80.64,6.49
561,Aukra,75,NO,2022-06-11 14:45:12,55,62.7925,6.919,68.76,10.36
562,Manokwari,35,ID,2022-06-11 14:45:12,75,-0.8667,134.0833,78.62,2.13
563,Marmarion,89,GR,2022-06-11 14:45:13,65,38.0484,24.3204,83.73,7.99
